"Energy","Water","Protein","Fats","Sugars","Starch","Alcohol","Fibre","Group"
"Advocaat liqueur",236,53.7,4.3,3.2,23.6,0,13.6,0,"Alcoholic beverages"
"Gin Dutch red currant flavoured",184,65,0,0,18,0,16,0,"Alcoholic beverages"
"Beer old brown",38,93.4,0.5,0,3.6,1.9,2,0.2,"Alcoholic beverages"
"Beer pilsner",44,92,0.4,0,0,2.8,4.3,0.3,"Alcoholic beverages"
"Brandy",231,65,0,0,0,0,33,0,"Alcoholic beverages"
"Campari",180,70,0,0,10,0,20,0,"Alcoholic beverages"
"Gin Dutch lemon flavoured",180,73,0,0,3,0,24,0,"Alcoholic beverages"
"Cognac",228,67,0,0,1,0,32,0,"Alcoholic beverages"
"Gin young Dutch",196,72,0,0,0,0,28,0,"Alcoholic beverages"
"Gin old Dutch",200,71,0,0,1,0,28,0,"Alcoholic beverages"
"Liqueur 15-25 vol% alcohol",242,53,0,0,29,0,18,0,"Alcoholic beverages"
"Muscatel",162,71,0,0,13.7,0,15.3,0,"Alcoholic beverages"
"Port wine",156,72.2,0,0,13,0,14.8,0,"Alcoholic beverages"
"Rum",234,66.6,0,0,0,0,33.4,0,"Alcoholic beverages"
"Sherry",111,82.8,0,0,3.2,0,14,0,"Alcoholic beverages"
"Vermouth",150,71.5,0,0,16.5,0,12,0,"Alcoholic beverages"
"Brandy Dutch vieux",200,71,0,0,1,0,28,0,"Alcoholic beverages"
"Whisky",245,65,0,0,0,0,35,0,"Alcoholic beverages"
"Wine red",82,88.4,0,0,3,0,10,0,"Alcoholic beverages"
"Wine white dry",67,86.1,0.1,0,0.6,0,9.1,0,"Alcoholic beverages"
"Jagermeister herb liquor",294,50,0,0,14,0,34,0,"Alcoholic beverages"
"Madeira",166,70,0,0,10,0,18,0,"Alcoholic beverages"
"Wine medicinal pleegzusterbloedwijn",154,72,0,0,14,0,14,0,"Alcoholic beverages"
"Berenburg herb liquor",189,68,0,0,0,0,27,0,"Alcoholic beverages"
"Liqueur <15 vol% alcohol",200,59,0,0,29,0,12,0,"Alcoholic beverages"
"Liqueur >25 vol% alcohol",291,46,0,0,29,0,25,0,"Alcoholic beverages"
"Beer >7 vol% alcohol",64,88.6,0.5,0,0.1,4,6.3,0.3,"Alcoholic beverages"
"Beer low alcohol 0,1-1,2 vol%",22,94.6,0.3,0,0.9,3.6,0.4,0.3,"Alcoholic beverages"
"Wine white sweet",96,80.6,0.2,0,5.9,0,10.2,0,"Alcoholic beverages"
"Breezer",74,85.1,0,0,9.8,0,5,0,"Alcoholic beverages"
"Fruit dried in brandy",201,57.7,0.6,0.1,26.8,0.4,12.2,1.3,"Alcoholic beverages"
"Cider",55,87.5,0.1,0,6,0.4,4.1,0,"Alcoholic beverages"
"Wine rose",71,87.3,0.1,0,2.5,0,8.7,0,"Alcoholic beverages"
"Liqueur w cream 15-25 vol% alcohol",294,50.3,2.7,11.8,18.2,4.5,12.3,0,"Alcoholic beverages"
"Beer w fruit flavour",52,89.3,0.3,0,2.4,3.5,3.6,0.5,"Alcoholic beverages"
"Shandy",42,92,0,0,9.7,0,0.5,0,"Alcoholic beverages"
"Beer white",47,91.3,0.5,0,0,3.6,4.2,0.3,"Alcoholic beverages"
"Vodka",234,66.6,0,0,0,0,33.4,0,"Alcoholic beverages"
"Beer w fruitjuice Radler",39,91.1,0.4,0,5.7,0.7,1.6,0.1,"Alcoholic beverages"
"Beer bock",61,84.8,0.6,0,1.2,3.9,5.3,0.3,"Alcoholic beverages"
"Irish coffee",166,75.1,0.7,8.7,6.7,0,8.3,0,"Alcoholic beverages"
"Cheese Swiss dried",228,35,55,0.7,0,0,0,0,"Cheese"
"Cheese Edam 40+",324,41.8,25.5,24.3,0,0,0,0,"Cheese"
"Cheese Gouda 48+ av",369,39.3,22.9,30.5,0,0,0,0,"Cheese"
"Cheese 20+ Leidse w cumin/Fries clove",240,46,33.1,11.9,0,0,0,0,"Cheese"
"Cheese spread 48+ full fat",260,55.5,13.4,21.7,2.1,0.1,0,0.5,"Cheese"
"Cheese spread 40+",227,60,16,17,2,0,0,0,"Cheese"
"Cheese spread 20+",137,74.3,17.2,6.8,1.7,0,0,0,"Cheese"
"Cheese Camembert 45+",306,53.4,25,22.8,0,0,0,0,"Cheese"
"Cheese Brie 50+",318,52.6,23,25.1,0,0,0,0,"Cheese"
"Cheese cottage",92,79.9,11.2,3.9,2.3,0,0,0,"Cheese"
"Cheese Roquefort",357,42,19,31,0,0,0,0,"Cheese"
"Cheese Saint Paulin/Port Salut",341,49.7,21.5,28.2,0,0,0,0,"Cheese"
"Cheese Parmesan",404,26,40,27,0,0,0,0,"Cheese"
"Cheese cream soft Mon Chou",316,57,6.8,31,2.4,0,0,0,"Cheese"
"Cheese Limburger",283,52,21,21,2,0,0,0,"Cheese"
"Cheese Gruyere",433,32,29,34.5,1.4,0,0,0,"Cheese"
"Cheese Emmenthaler",387,36,29,30,0,0,0,0,"Cheese"
"Cheese Cheddar",415,36,25.5,34.4,0.1,0,0,0,"Cheese"
"Cheese Bluefort",405,40,17.9,37,0,0,0,0,"Cheese"
"Cheese cream soft Boursin",411,43.9,7.5,41,3,0,0,0,"Cheese"
"Cheese sheep fresh",238,58.6,17,18.8,0,0,0,0,"Cheese"
"Cheese Kernhem 60+",443,37.6,18.6,40.6,0,0,0,0,"Cheese"
"Cheese Old Amsterdam 48+",382,40,24.2,31.4,0,0,0,0,"Cheese"
"Cheese 20+ low sodium",264,46.3,36.7,13,0,0,0,0,"Cheese"
"Cheese 40+ low sodium",339,42.7,29.4,24.6,0,0,0,0,"Cheese"
"Cheese smoked 45+",331,48.5,21.2,26.2,1,0.8,0,0.1,"Cheese"
"Cheese Rambol",291,51.9,13.6,25,2.1,0.2,0,0.7,"Cheese"
"Cheese spread 60+ Kiri",330,56,8.5,32,2,0,0,0,"Cheese"
"Cheese Stilton",388,42.2,21.3,33.4,0.1,0,0,0,"Cheese"
"Cheese Camembert 30+",223,58,24,14,0,0,0,0,"Cheese"
"Cheese raw milk 48+",392,36.5,26,32,0,0,0,0,"Cheese"
"Cheese 48+ low sodium",381,39.7,26.1,30.7,0,0,0,0,"Cheese"
"Cheese cream soft Paturain",354,51.6,7,35.3,2.3,0,0,0,"Cheese"
"Cheese 30+ av",289,45.2,30.4,18.5,0,0,0,0,"Cheese"
"Cheese Brie 60+",369,46.1,17,33,1,0,0,0,"Cheese"
"Cheese fresh light 8% fat",132,77.8,11.3,8.5,2.5,0,0,0,"Cheese"
"Cheese goat fresh",207,65.2,13.4,16.6,1,0,0,0,"Cheese"
"Cheese 20+",246,48.1,34.5,12,0,0,0,0,"Cheese"
"Cheese 50+",380,40.1,22.9,32.1,0,0,0,0,"Cheese"
"Cheese Dutch in Swiss-style 45+",370,38.7,27.6,28.5,0,0,0,0,"Cheese"
"Cheese 40+ Leiden w cumin/Fries clove",341,39,27.3,25.7,0,0,0,0,"Cheese"
"Cheese 45+",357,42,25.4,27.3,0,0,0,0,"Cheese"
"Cheese Bel Paese",374,38.9,25.4,30.2,0.1,0,0,0,"Cheese"
"Cheese Gorgonzola",359,42.4,19.4,31.2,0.1,0,0,0,"Cheese"
"Cheese Mozzarella made from cow's milk",253,58.8,18.7,19.5,0.7,0,0,0,"Cheese"
"Cheese 10+",187,61.2,32.2,6.4,0.2,0,0,0,"Cheese"
"Cheese spread 15+ Eru Balans",132,70,17.3,5.5,3,0.3,0,0,"Cheese"
"Cheese spread ERU kids",169,71.6,15,11.1,2.3,0,0,0,"Cheese"
"Cheese goat hard",396,38.3,22.4,32.5,0.1,0,0,0,"Cheese"
"Dairy spread plain/herbs",248,67.5,5.1,23.9,3.1,0,0,0.1,"Cheese"
"Dairy spread plain/herbs light",175,73.2,8.1,13.8,3.5,0.7,0,0.3,"Cheese"
"Cheese Gouda 48+ age 4-8 weeks",364,41.5,22.8,29.6,0,0,0,0,"Cheese"
"Cheese Gouda 48+ age 8 wk-4 mths",370,40.6,22.7,29.9,0,0,0,0,"Cheese"
"Cheese Gouda 48+ age 4-7 mths",377,38.5,22.5,30.8,0,0,0,0,"Cheese"
"Cheese Gouda 48+ age 10-12 mths",414,31.8,24.6,33.7,0.1,0,0,0,"Cheese"
"Mascarpone cheese",455,44.4,7.6,47,0.3,0,0,0,"Cheese"
"Cheese spread 45+",231,59,14.3,18.9,1,0,0,0,"Cheese"
"Cheese Turkish 60+ cow's milk canned",287,57,12.7,26,0.4,0,0,0,"Cheese"
"Cheese sheep/goat Turkish 50+ canned",297,54,15.5,26.1,0.1,0,0,0,"Cheese"
"Cheese 30+ age 4-8 weeks",280,45.9,30.1,17.7,0,0,0,0,"Cheese"
"Cheese 30+ age 8 wk-4 mths",278,44.8,29.3,17.9,0,0,0,0,"Cheese"
"Cheese 30+ age 4-7 mths",306,46.7,31.9,19.8,0,0,0,0,"Cheese"
"Cheese 30+ age 10-12 mths",307,41.3,31.7,20,0,0,0,0,"Cheese"
"Cheeseproduct w veg fat Kees jong belegen",387,36,29,30.1,0,0,0,0,"Cheese"
"Cheeseprod w veg fat Kees oud",403,33,31,31,0,0,0,0,"Cheese"
"Cheesespread Heks'n kaas",356,53.5,1.9,34.3,7.8,1.9,0,0.4,"Cheese"
"Cheese Feta",274,60.1,16.6,22.8,0.6,0,0,0,"Cheese"
"Cheese cream w herbs 25-30 g fat",291,62.8,5.3,28.4,3.2,0.2,0,0,"Cheese"
"Cheese white 45+ feta-like from cow's milk",247,62.7,17.1,19.6,0.6,0,0,0,"Cheese"
"Cheese Ricotta",141,77.8,8,10.3,3.5,0.4,0,0,"Cheese"
"Cheese Danish Blue",352,44.7,20.5,29.5,0,0,0,0,"Cheese"
"Corned beef",208,60.1,24.3,11.9,0.9,0,0,0," Meat"
"Ham smoked raw",188,58.6,24.6,9.5,0.3,0.9,0,0," Meat"
"Liver ox boiled (processed meat product)",133,71,20,5,0,2,0,0," Meat"
"Liver pork boiled (processed meat product)",132,68.1,19.8,4.1,4,0,0,0," Meat"
"Liver pate",318,53.5,14.2,28.3,0.1,1.6,0,0," Meat"
"Luncheon meat tinned",279,54.4,12.9,23.8,0,3.3,0,0.2," Meat"
"Beef salted cooked",184,66.6,17.3,12.7,0.1,0,0,0," Meat"
"Beef smoke-dried",108,69.9,22,2,0.5,0,0,0," Meat"
"Processed meat products av",236,59.8,16.2,17.7,0.8,1.8,0,0.3," Meat"
"Sausage luncheon meat",306,53.2,11.6,26.9,0.7,2.8,0,0.2," Meat"
"Salami sausage saveloy",375,41.7,17.8,33,0.6,0.7,0,0.7," Meat"
"Bacon rasher streaky",312,50.3,15.7,27.5,0.5,0,0,0," Meat"
"Liver sausage",294,54.2,14.5,25.3,0.1,1.7,0,0.5," Meat"
"Bacon",188,63.7,18.5,12.4,0.3,0.2,0,0," Meat"
"Pate",360,48.2,9.6,33,1.7,4,0,1.1," Meat"
"Pork side cured and smoked",130,71.3,18.3,5.1,2.8,0,0,0," Meat"
"Sausage spiced and smoked",329,54,12,31,0.5,0,0,0," Meat"
"Sausage w smoked bacon-bits",308,53.5,13,26.6,1.5,2.5,0,0.1," Meat"
"Ham lean boiled",134,69.7,18,5.7,0.4,2.1,0,0.1," Meat"
"Ham shoulder medium fat boiled",133,72.6,16.4,6.2,0.6,1.9,0,0.4," Meat"
"Sausage incl liver products av",335,48.8,15.1,29.4,0.7,1.7,0,0.3," Meat"
"Beef steak tartare spiced filet americain",240,59.4,14.2,18.8,1.3,1.7,0,0.9," Meat"
"Processed meat products >30 g fat av",374,43.9,15.7,33.4,0.9,1.4,0,0.5," Meat"
"Salami",392,41.9,18.7,34.8,0.8,0.1,0,0," Meat"
"Meatloaf (processed meat product)",304,54.5,12.8,25.6,2,3.6,0,0.3," Meat"
"Sausage cooked",357,49.1,11.3,33,1.1,2.6,0,0," Meat"
"Processed meat products 20-30 g fat av",308,53.3,13.2,26.8,0.7,2.4,0,0.2," Meat"
"Processed meat products 10-20 g fat av",203,63.4,15.6,14.3,0.5,2.5,0,0.1," Meat"
"Processed meat products <10 g fat av",152,68.6,17.9,7.7,0.8,1.6,0,0.3," Meat"
"Liver sausage coarse hausmacher",266,56,15.4,20.4,1,4.2,0,0," Meat"
"Liver pate sausage",319,53.7,12.3,28.6,0.2,2.8,0,0.3," Meat"
"Sausage dry sucuk Turkish",446,35.4,20.4,37.5,0,6.7,0,0," Meat"
"Sausage dry salam Turkish",271,58.1,14.8,20.6,0,6.5,0,0," Meat"
"Liver pate/Berliner liver sausage",319,51.9,12.3,27.6,0.3,4.2,0,0.2," Meat"
"Pork fricandeau fried (processed meat product)",117,71.5,21.6,2.8,1.3,0,0,0.4," Meat"
"Brawn, pork pickled in vinegar",264,60.1,12.5,23,0,1.7,0,0," Meat"
"Sausage tongue",247,58.7,17.2,18.8,2,0,0,0.1," Meat"
"Bacon rasher streaky grilled",261,57.9,15.2,22.1,0.5,0,0,0," Meat"
"Ham lean grilled",119,71.6,18.9,3.9,1.8,0,0,0.1," Meat"
"Gammon boiled deboned",127,71.1,18.3,5,1.2,1,0,0.1," Meat"
"Processed meat prod excl liver av",225,60.7,16.6,16.4,0.8,1.7,0,0.3," Meat"
"Processed meat prod <10 g fat excl liver av",135,70.4,18.6,5.6,0.7,1.5,0,0.2," Meat"
"Sausage excl liver products av",342,47.6,15.5,30,0.8,1.5,0,0.3," Meat"
"Processed meat prod 20-30 g fat excl liver av",305,53.3,13,26.4,1.1,2.5,0,0.2," Meat"
"Processed meat prod >30 g fat excl liver av",375,43.5,16.6,33.4,0.8,1.1,0,0.4," Meat"
"Sausage cooked lean",221,65.9,14,17,1,2,0,0.1," Meat"
"Salami sausage saveloy lean",241,56.5,23,16.5,0.1,0,0,0," Meat"
"Sausage luncheon meat lean",163,68,11.6,10.1,5.1,1.3,0,0," Meat"
"Pate spreadable lean",187,65.6,9.7,12,1.3,8.7,0,0.3," Meat"
"Chicken (processed meat product)",125,71.6,17.5,4.4,1,2.4,0,0," Meat"
"Sausage raw beef",166,65.5,18.6,9.4,0.4,0.8,0,1.2," Meat"
"Sausage grill w cheese",331,53.9,14.3,29.3,0.5,2.2,0,0," Meat"
"Beef smoke-dried lightly salted",116,74,22.8,2.5,0.6,0.1,0,0," Meat"
"Horse meat smoked",103,71.2,21.7,1.4,0.9,0,0,0," Meat"
"Sausage Chorizo",358,37.4,20.7,29.1,3,0.4,0,0," Meat"
"Sausage grill",310,53.3,13.2,27.2,0.7,2.3,0,0," Meat"
"Turkey (processed meat product)",113,71.3,19.8,2.4,3.2,0,0,0," Meat"
"Bacon smoked Katenspek",309,54.7,14,27.6,1.2,0,0,0," Meat"
"Processed meat prod 10-20 g fat excl liver av",204,63.3,15.8,14.4,0.5,2.3,0,0.1," Meat"
"Beef salted dried seasoned Pastirma Turkish",155,65,30,3,2,0,0,0," Meat"
"Sausage grill chicken",209,66.5,13.8,15,1.1,3.4,0,0.3," Meat"
"Processed meat products low sodium",179,67.2,16.1,11.1,1.5,2,0,0.2," Meat"
"Roastbeef",156,71,27.2,5.1,0.2,0.1,0,0," Meat"
"Pork rolled (processed meat product)",129,71,19.7,5.1,0.8,0.3,0,0.1," Meat"
"Sausage dried metworst",484,31.8,22.3,42.5,1.4,1.3,0,0.8," Meat"
"Mussels boiled",125,70.7,17.2,3.1,0,7.2,0,0,"Fish"
"Eel raw",372,50.9,14,35.1,0,0,0,0,"Fish"
"Herring raw",199,65,16,15,0,0,0,0,"Fish"
"Fish lean 0-5 g fat raw av",90,78.8,19.3,1.5,0,0,0,0,"Fish"
"Fish fat >5 g fat raw av",242,61.6,17.2,19.1,0,0.3,0,0,"Fish"
"Kipper smoked",242,55.6,20.8,17.5,0.3,0,0,0,"Fish"
"Shrimps Dutch boiled",94,75.9,19.8,1.6,0.1,0,0,0,"Fish"
"Herring fillet in tomato sauce tinned",201,67.4,12,14.6,4.5,0.9,0,0.5,"Fish"
"Herring salted",172,66.5,17.6,10.1,0,2.8,0,0,"Fish"
"Crab in water tinned",85,79.2,18.1,1.4,0,0,0,0,"Fish"
"Lobster boiled",86,80.7,19.7,0.8,0,0,0,0,"Fish"
"Mackerel raw",233,61.9,18,17.9,0,0,0,0,"Fish"
"Oysters",57,84.7,6,1.9,0,4,0,0,"Fish"
"Sardines/pilchards in oil tinned",231,62.3,21.7,16,0,0,0,0,"Fish"
"Liver haddock tinned",409,44.4,7,42.3,0,0,0,0,"Fish"
"Stockfish soaked",138,66.6,32.5,0.9,0,0,0,0,"Fish"
"Salmon tinned",146,70,20.4,7.2,0,0,0,0,"Fish"
"Eel smoked",351,48.3,19.1,30.5,0,0,0,0,"Fish"
"Mackerel steamed",315,52.3,19.5,26.1,0,0.5,0,0,"Fish"
"Shrimps salted dried",274,34,63,2,0,1,0,0,"Fish"
"Cod dried salted",355,12,82,3,0,0,0,0,"Fish"
"Plaice raw",76,80.4,16.4,1.2,0,0,0,0,"Fish"
"Fish fingers fried in sunflower oil",239,53.8,16.4,13,1,13,0,0.4,"Fish"
"Fish fingers unprepared",194,61.1,13,8,0.5,16.5,0,0.8,"Fish"
"Plaice fried",194,62.7,22,10.9,0,2,0,0,"Fish"
"White fish fillet in batter deep-fried in vegetable oil",210,61.4,19,11.2,0.3,7.9,0,0.2,"Fish"
"Cod boiled",105,76,23,1,0,1,0,0,"Fish"
"Cod raw",75,81.6,17.5,0.6,0,0,0,0,"Fish"
"Bloater fried",299,53.1,21.6,22.2,0.2,2.8,0,0.1,"Fish"
"Plaice boiled",98,79,19,2,0,1,0,0,"Fish"
"Pollock (Atlantic) boiled",114,74.9,25,1.5,0,0,0,0,"Fish"
"Salmon smoked",188,62.6,21.8,10.8,0,0.8,0,0,"Fish"
"Caviar",281,50.2,24,20.5,0,0,0,0,"Fish"
"Squid raw",73,81,16,1,0,0,0,0,"Fish"
"Herring pickled (sweet)sour",208,67.8,16,16,0,0,0,0,"Fish"
"Snails",85,79,16,1.4,0,2,0,0,"Fish"
"Mackerel in water tinned",257,59.8,18.6,20.3,0,0,0,0,"Fish"
"Plaice fillet fried/simmered",112,76.7,18.9,3.8,0,0.5,0,0,"Fish"
"Cod fillet fried/simmered",118,74.5,21.5,3.3,0,0.6,0,0,"Fish"
"Mussels fried in vegetable oil",268,54.8,17.2,19,0,7.2,0,0,"Fish"
"Squid rings deep-fried in vegetable oil",440,27,26.2,31.1,2.1,11.7,0,0.2,"Fish"
"Halibut smoked",211,65.8,19.4,14.8,0,0,0,0,"Fish"
"Mackerel fillet smoked",301,50.9,21.1,24.1,0,0,0,0,"Fish"
"Salmon farmed raw",179,67.9,20,11,0,0,0,0,"Fish"
"Anchovy in oil canned",208,62.9,25,11.9,0.1,0,0,0.1,"Fish"
"Tuna in oil tinned",206,62.3,27,10.8,0.1,0,0,0.1,"Fish"
"Tuna in water tinned",109,74.3,24.9,1,0,0,0,0,"Fish"
"Kippers steamed",231,62,20.8,16.2,0,0.5,0,0,"Fish"
"Sprat fillet smoked",212,65.4,19.9,14.8,0,0,0,0,"Fish"
"Mackerel prepared in microwave oven no ingredients added",248,58,24.4,16.7,0,0,0,0,"Fish"
"Mackerel in oil tinned",267,57,20,20.7,0.1,0,0,0.1,"Fish"
"Salmon farmed prep in microwave oven no ingredients added",220,61.7,25.2,13.2,0,0,0,0,"Fish"
"Trout prepared in microwave oven no ingredients added",140,71.8,24.5,4.6,0,0,0,0,"Fish"
"Rainbow trout prepared in microwave oven no ingredients added",167,68.3,23.7,8,0,0,0,0,"Fish"
"Cod prepared in microwave oven no ingredients added",98,77.2,23.5,0.4,0,0,0,0,"Fish"
"Haddock prepared in microwave oven no ingredients added",100,76.5,22.3,1.2,0,0,0,0,"Fish"
"Koolvis (Atlantisch) bereid in magnetron z toev",108,73.3,24.5,1.2,0,0,0,0,"Fish"
"Whiting prepared in microwave oven no ingredients added",101,76.5,22.1,1.4,0,0,0,0,"Fish"
"Plaice prepared in microwave oven no ingredients added",140,68.4,29,2.6,0,0,0,0,"Fish"
"Schar/tongschar bereid in magnetron z toev",119,73.5,23.9,2.6,0,0,0,0,"Fish"
"Sole prepared in microwave oven no ingredients added",116,73.5,24.5,2.1,0,0,0,0,"Fish"
"Flounder prepared in microwave oven no ingredients added",106,76.1,21.9,2,0,0,0,0,"Fish"
"Gurnard prepared in microwave oven no ingredients added",171,66.5,26.1,7.4,0,0,0,0,"Fish"
"Ocean perch prepared in microwave oven no ingredients added",128,73.4,22.3,4.3,0,0,0,0,"Fish"
"Wolf fish prepared in microwave oven no ingredients added",127,71.9,25.2,2.9,0,0,0,0,"Fish"
"Eel prepared in microwave oven no ingredients added",207,64.4,24.3,12.2,0,0,0,0,"Fish"
"Paling zee- bereid in magnetron z toev",199,64.4,24.3,11.4,0,0,0,0,"Fish"
"Soft/hard roe fried",262,61,13.9,21.2,0,3.9,0,0.2,"Fish"
"Soft/hard roe from fat bloater",155,69.2,24.5,6.3,0,0,0,0,"Fish"
"Spawn/hard roe coloured glass",126,75.5,19,5.5,0,0,0,0,"Fish"
"Mussels pickled glass",106,75.7,17.2,3.1,0,2.2,0,0,"Fish"
"Shrimps in water tinned",115,73.8,24.3,1.9,0.1,0,0,0,"Fish"
"Squid prepared in microwave oven no ingredients added",146,69.5,25.8,4.7,0,0,0,0,"Fish"
"Coquilles scallop shell St. Jacques raw",83,78.6,16.8,0.8,0,2.4,0,0,"Fish"
"Pollack (Atlantic) raw",82,81.9,18,1.1,0,0,0,0,"Fish"
"Tuna raw",101,75.6,23.7,0.7,0,0,0,0,"Fish"
"Sole raw",76,83.4,14.7,1.9,0,0,0,0,"Fish"
"Tilapia raw",86,80.3,17.9,1.6,0,0,0,0,"Fish"
"Pangasius bereid in magnetron z toev",89,79.8,18.6,1.6,0,0,0,0,"Fish"
"Herring pickled w gherkin",182,71,16,12.8,0.3,0.3,0,0.5,"Fish"
"Tuna prepared wo fat",122,69,29.2,0.6,0,0,0,0,"Fish"
"Tilapia prepared wo fat",128,71.6,26.2,2.7,0,0,0,0,"Fish"
"Cod dried, salted, soaked, boiled",138,64.9,32.5,0.9,0,0,0,0,"Fish"
"Anchovy raw",125,73.4,20.4,4.8,0,0,0,0,"Fish"
"Surimi",122,73.7,6.8,3.6,3.7,11.8,0,0.3,"Fish"
"Sardines grilled",171,67.2,25.3,7.8,0,0,0,0,"Fish"
"Pollock (Alaska) raw",72,83.7,16.4,0.7,0,0,0,0,"Fish"
"Pollock (Alaska) steamed",120,72.8,27.4,1.2,0,0,0,0,"Fish"
"Prawns cooked",70,84,15.4,0.9,0,0,0,0,"Fish"
"Lemon sole raw",73,82.7,16.7,0.7,0,0,0,0,"Fish"
"Pangasius raw",74,83.7,14.9,1.6,0,0,0,0,"Fish"
"Tuna w vegetables and tomato sauce canned",98,78.7,11.7,3.5,3.9,0.9,0,0.6,"Fish"
"Seafood cooked",112,74.4,16.9,2.9,0.6,4,0,0.1,"Fish"
"Mussels raw",67,82.5,11.1,1.7,0,1.9,0,0,"Fish"
"Fish cuisine pollock w breadcrumbs and herbs prepared",220,59.6,16.5,12.2,0.9,9.7,0,0.8,"Fish"
"Almonds blanched unsalted",631,5.6,21.7,55.8,3.8,3.3,0,7,"Nuts and seeds"
"Cashew nuts unsalted",615,2.9,21.2,48.9,5,15.8,0,3.8,"Nuts and seeds"
"Hazelnuts unsalted",670,4.5,16.4,63,4.3,0.5,0,9,"Nuts and seeds"
"Chestnuts raw",189,54,4,2.7,6,29,0,4.1,"Nuts and seeds"
"Brazil nuts unsalted",687,3.4,14.3,67.1,2.3,0.3,0,7.5,"Nuts and seeds"
"Peanuts unsalted",627,2.3,25.2,51.7,4.8,7,0,6.8,"Nuts and seeds"
"Mixed nuts and raisins",496,10.5,11,32.1,36.1,1.9,0,5.6,"Nuts and seeds"
"Walnuts unsalted",706,4.5,15.9,68.1,2.9,2.2,0,4.6,"Nuts and seeds"
"Nuts mixed unsalted",642,3,21.5,55.1,4.5,7.7,0,6,"Nuts and seeds"
"Peanuts coated",532,2.5,13.2,32.7,8,35.7,0,4.8,"Nuts and seeds"
"M&M's chocolate w peanuts",511,1.9,9.8,25.3,53.6,5.5,0,3.9,"Nuts and seeds"
"Sesame seeds",629,5,26,55,0,6,0,3,"Nuts and seeds"
"Linseeds",477,2.2,19,31,0,13,0,34.8,"Nuts and seeds"
"Sunflower seeds",647,5,18,56.5,0,13,0,7.4,"Nuts and seeds"
"Peanuts salted",620,1.8,24.8,50.5,5.2,8.1,0,6.8,"Nuts and seeds"
"Pecan nuts unroasted unsalted",721,3.5,9.2,72,4,0.5,0,9.6,"Nuts and seeds"
"Pistachio nuts salted",592,3.3,23.8,48.3,5.7,5.1,0,9.5,"Nuts and seeds"
"Nuts mixed salted",638,2.9,21.3,54.7,4.4,7.6,0,6,"Nuts and seeds"
"Peanuts dry roasted",577,2.5,24,47,3.5,7.5,0,7,"Nuts and seeds"
"Pine nuts",611,6.7,24,50.7,3.8,10.2,0,0.8,"Nuts and seeds"
"Peanuts sugar coated",536,1.4,15.1,31,42.9,4.2,0,4.1,"Nuts and seeds"
"Poppy seeds",455,5.2,19.2,35.6,2.3,0.1,0,24,"Nuts and seeds"
"Pumpkin seeds",574,5.8,30.3,47.2,1.6,1.2,0,8.5,"Nuts and seeds"
"Nuts macadamia unsalted",753,1.6,7.8,76.1,4.1,1.2,0,8,"Nuts and seeds"
"Cashew nuts salted",615,2.9,21.2,48.9,5,15.8,0,3.8,"Nuts and seeds"
"Almonds blanched salted",631,5.6,21.7,55.8,3.8,3.3,0,7,"Nuts and seeds"
"Peanuts milkchocolate coated",568,4.4,16.1,39.1,30,5.5,0,4.8,"Nuts and seeds"
"Hemp seed",592,5,31.6,48.8,1.5,3.2,0,4,"Nuts and seeds"
"Chia seeds dried",443,5.8,16.5,30.7,NA,NA,0,34.4,"Nuts and seeds"
"Almonds w skin unsalted",622,4.6,25.4,53.4,4.4,0.6,0,10.2,"Nuts and seeds"
"Brazil nuts salted",687,3.4,14.3,67.1,2.3,0.3,0,7.5,"Nuts and seeds"
"Walnuts salted",706,4.5,15.9,68.1,2.9,2.2,0,4.6,"Nuts and seeds"
"Nuts macadamia salted",753,1.6,7.8,76.1,4.1,1.2,0,8,"Nuts and seeds"
"Pistachio nuts unsalted",592,3.3,23.8,48.3,5.7,5.1,0,9.5,"Nuts and seeds"
"Almonds w skin salted",622,4.6,25.4,53.4,4.4,0.6,0,10.2,"Nuts and seeds"
"Pecannuts oil roasted salted",750,1.1,9.2,75.2,4,0.3,0,9.5,"Nuts and seeds"
"Seeds and kernels av",550,4.5,21.4,42.5,1.2,9.9,0,17.8,"Nuts and seeds"
"Sugar castor brown",396,1,0,0,99,0,0,0,"Sweets"
"Sugar castor white",396,1,0,0,99,0,0,0,"Sweets"
"Sugar granulated",400,0,0,0,100,0,0,0,"Sweets"
"Syrup Keukenstroop",328,18,0,0,82,0,0,0,"Sweets"
"Syrup sugar",300,25,0,0,75,0,0,0,"Sweets"
"Syrup apple",280,26,1.8,0,58,7.9,0,4.6,"Sweets"
"Chocolate milk",548,1.4,7,34.1,49,3,0,2.8,"Sweets"
"Chocolate dark",531,1.2,6.5,33.7,41.7,5,0,7.2,"Sweets"
"Chocolate flakes milk",454,1.1,5.8,15,70,2,0,3.5,"Sweets"
"Chocolate butter",515,10.2,1.6,32.2,32.4,21.2,0,2.4,"Sweets"
"Chocolate flakes dark",444,0.8,5.2,15.5,64,3,0,7,"Sweets"
"Spread chocolate hazelnut",562,1.5,5.7,35.3,50.2,3.7,0,2.9,"Sweets"
"Ginger stem in syrup tinned",288,26.7,1.8,0,67,2,0,2.5,"Sweets"
"Coloured sprinkles fruit-flavoured",393,0.6,0.1,0,98.2,0,0,0,"Sweets"
"Honey",321,17.6,0.3,0,80,0,0,0,"Sweets"
"Spread chocolate dark",575,0.6,3,38.6,50,1.4,0,4.1,"Sweets"
"Jam",248,37.2,0.3,0.1,51.2,9.6,0,1.2,"Sweets"
"Chewing gum",280,4,0,0,70,0,0,0,"Sweets"
"Chewing gum wo sugar",171,3,0.1,0.6,0,0.9,0,2.4,"Sweets"
"Coconut bread sweetened sliced",426,13.9,3.2,18.6,41.4,17.3,0,5.6,"Sweets"
"Sweets boiled",380,5,0,0,71,24,0,0,"Sweets"
"Peppermint",395,1.2,0.6,0,98.2,0,0,0,"Sweets"
"Jam rose hip w vit C",260,35,1.8,0.3,62,0,0,1,"Sweets"
"Toffees",401,7.5,0.6,6.2,65.2,20.4,0,0.1,"Sweets"
"Spread sweet averaged",393,14.9,2.7,12.4,60.4,5.9,0,2.7,"Sweets"
"Sweets marshmallow type Spekkie",334,15,4.1,0.4,68.2,10.1,0,0.3,"Sweets"
"Fruit spread reduced sugar",118,69.9,0.5,0.2,27.4,0.4,0,1.7,"Sweets"
"Candybar Mars",449,7.3,4.1,16.6,61.7,8.5,0,1.3,"Sweets"
"Liquorice Dutch type salted",330,15.2,12.2,0.2,44.2,23.9,0,3.1,"Sweets"
"Liquorice Dutch type double salted",330,15.2,12.2,0.2,44.2,23.9,0,3.1,"Sweets"
"Liquorice Dutch type sweet",333,15.4,7.3,0.4,51.5,23.1,0,1,"Sweets"
"Liquorice Stophoest",396,1,0.6,0,91.4,7,0,0,"Sweets"
"M&M's chocolate",487,0.8,4.6,20.7,66.4,2.2,0,2.7,"Sweets"
"Candybar Milky Way",448,7.6,4,15.9,65.1,6.8,0,0.6,"Sweets"
"Candybar Bounty",486,8.6,3.7,26.1,48,10.3,0,1.5,"Sweets"
"Candybar Snickers",484,6.9,8.7,22.9,51.6,8.6,0,1.3,"Sweets"
"Sauce fruit for pudding",189,52.6,0.3,0.1,37,9.3,0,0.7,"Sweets"
"Sauce chocolate for pudding",269,34.8,2.1,1.9,48.3,12.5,0,0.5,"Sweets"
"Candybar Nuts",497,7,4.6,24.8,55.2,7.1,0,3.3,"Sweets"
"Chocolate milk w hazelnuts",562,0.7,7.7,35.9,46.9,3.3,0,3.7,"Sweets"
"Chocolate w liqueur",383,22.7,3.3,16.6,46.8,2.5,2.3,3.6,"Sweets"
"Marshmallows",329,17.8,4.6,0.1,63.1,14.2,0,0.2,"Sweets"
"Liquorice allsorts",394,5.5,3.7,5.2,65,17,0,2,"Sweets"
"Wine gum/ fruit gum",319,12.6,5,0.2,49.2,25,0,0.2,"Sweets"
"Fruit spread w sweetener",156,37.2,0.4,0.2,5.4,0,0,1.2,"Sweets"
"Candybar Twix",495,5.5,4.5,23.9,48.6,16,0,1.5,"Sweets"
"Sweets fruit pectinbased",341,14.6,0.3,0.3,62.8,21.4,0,0.7,"Sweets"
"Chocolate milk sugar-free",485,1.4,7.1,34.7,9,1.2,0,6.7,"Sweets"
"Preparation glucose powder",364,9,0,0,91,0,0,0,"Sweets"
"Marzipan",420,13,5.3,15.3,60.8,3.4,0,2.2,"Sweets"
"Chocolate sprinkles averaged",450,2.5,5.5,15.2,63,6.6,0,5.2,"Sweets"
"Turkish Delight",372,6.8,0,0,69,23,0,0.3,"Sweets"
"Liquorice Dutch type av",332,15.3,8.8,0.4,49.4,23.3,0,1.6,"Sweets"
"Chocolate dark sugar-free",454,1.2,5.3,33,0.7,2.8,0,14.7,"Sweets"
"Chocolate milk w hazelnuts wo sugar",498,0.7,8.9,35.4,9.6,0.5,0,8,"Sweets"
"Ice lolly",75,81.4,0.2,0.2,17,1,0,0.2,"Sweets"
"Fondant cream",346,17.1,0.7,3.1,79,0,0,0,"Sweets"
"Chocolates filled/Belgium chocolate",512,8.7,5.5,30.7,50.1,1.7,0,3.3,"Sweets"
"Fructose powder",396,0,0,0,99,0,0,0,"Sweets"
"Syrup barley malt",283,24.2,4.4,0,53.3,13.1,0,0,"Sweets"
"Syrup corn",287,22.7,2.3,0,53.8,15.6,0,0,"Sweets"
"Syrup rice malt",292,16.4,0.3,0,44.5,28.1,0,0,"Sweets"
"Chocolate sprinkles milk",455,2.3,6.3,15.6,64.7,5.6,0,3.7,"Sweets"
"Chocolate sprinkles dark",446,2.2,5.8,15.3,60.5,6.9,0,6.6,"Sweets"
"Spread chocolate milk",570,0.7,2.4,35,61,0,0,0.5,"Sweets"
"Ice lolly Festini",100,74.8,0.2,0.2,20,4,0,0.8,"Sweets"
"Chocolate white",552,1,6.4,32.6,58.1,0,0,0,"Sweets"
"Candy sugar-free",240,7.6,1.1,2.1,0.2,1.7,0,0,"Sweets"
"Raisins coated w milkchocolate",429,9.1,5,17.3,59,2.8,0,3.2,"Sweets"
"After eight chocolate mints",419,9.2,2.1,12.2,72.1,2.5,0,1,"Sweets"
"Chocolate milk w raisins",501,4.5,6.2,27.4,53,2.9,0,3,"Sweets"
"Chocolate dark w hazelnuts",565,2,9,41,32.4,3.8,0,7.6,"Sweets"
"Chocolate milk w puffed rice",531,1.7,7.1,30.7,43.8,11.5,0,2.9,"Sweets"
"Toffee w chocolate",427,6.2,1.8,11.7,60.5,17.3,0,1.5,"Sweets"
"Nougat w chocolate",489,1.8,7.2,21.8,62.4,1.9,0,3.3,"Sweets"
"Liquorice w peppermint",375,5.9,2.8,0.1,82.8,7.6,0,0.3,"Sweets"
"Salty liquorice lolly",375,6,1.2,0,68.3,24,0,0.3,"Sweets"
"Nougat",469,1.7,6.5,16.7,71.1,1,0,2.1,"Sweets"
"Chocolate sprinkles white",455,2.8,5.5,13.2,78.4,0,0,0,"Sweets"
"Spice biscuit sprinkles Bolletje",486,2,5,20,30.1,39.9,0,3,"Sweets"
"Spread speculaas flavoured",579,1.8,3.2,37.5,34.2,22.4,0,1,"Sweets"
"Maltesers",500,4.7,8.3,24.3,51.9,9.6,0,1.2,"Sweets"
"Chocolate flakes av",451,1,5.6,15.2,68.2,2.3,0,4.5,"Sweets"
"Liquorice sugar-free",167,15.4,1,0.2,0.1,7.9,0,1,"Sweets"
"Wine gum w liquorice",334,16.6,3.5,0.2,55.1,24.5,0,0,"Sweets"
"Candybar KitKat",520,1.5,7.1,27.7,48.6,10.4,0,3,"Sweets"
"Chocolate sprinkles mix white and dark",449,3.9,3.2,14.7,65.9,8,0,4.3,"Sweets"
"Spread duo w chocolate",576,0.9,1.8,36.5,57.4,2.1,0,1.3,"Sweets"
"Spread duo wo chocolate",567,1.8,0.8,34.9,62.2,0.3,0,0.1,"Sweets"
"Sweets jelly/gums/foam",336,16.3,4.9,0.2,49.2,29.3,0,0.1,"Sweets"
"Wine gums w foam layer",333,16.7,4.8,0,63.5,15,0,0,"Sweets"
"Sweet fruity chew",395,9.4,1,6.6,56.8,26.2,0,0.1,"Sweets"
"Sugar light",395,1.2,0,0,98.9,0,0,0,"Sweets"
"Meringue",382,4.4,0.5,0,95,0,0,0,"Sweets"
"Chocolate bar filled Kinder",567,0.2,8.9,35.7,47.5,4.6,0,1.3,"Sweets"
"Candybar Lion",493,4.8,5.5,22.9,53.1,12.4,0,1.3,"Sweets"
"Sauce caramel for pudding",302,29.5,2.7,3.9,56.7,7.2,0,0,"Sweets"
"Cane sugar",400,0,0.5,0,99.5,0,0,0,"Sweets"
"Chocolate spread white",592,1.8,4.6,40,53,0,0,0.6,"Sweets"
"Syrup maple",269,32,0,0.1,60.7,6.5,0,0,"Sweets"
"Syrup apple enriched w iron",287,25.7,1.6,0,55.8,11.8,0,5.2,"Sweets"
"Sweets cream hard",414,7.8,0.5,8.6,83.9,0,0,0.1,"Sweets"
"Golden syrup pourable",288,28,0,0,72,0,0,0,"Sweets"
"Fudge/caramel soft",435,11,1.9,16,63.8,7,0,0.3,"Sweets"
"Aniseed comfits crushed/pink&white/blue&white",402,1.4,2,2.4,79,13,0,2.2,"Sweets"
"Chocolate flakes mix white and dark",450,3.7,3.2,14.4,71.8,3.4,0,3.5,"Sweets"
"Mentos cheewy dragee",387,5.6,0,1.9,69,23.5,0,0,"Sweets"
"Chocolate sprinkles extra dark",424,11.7,7.8,18.3,49.7,4,0,6.6,"Sweets"
"Marmalade",260,34.8,0.3,0.2,59.6,4.3,0,0.8,"Sweets"
"Chocolate flakes white",458,3.1,5.9,14,77,0,0,0,"Sweets"
"Syrup ginger",215,46.1,0,0.4,50.7,1.5,0,1.2,"Sweets"
"Solid foamed candy 'schuimpje'",366,8.6,2.1,0.1,76.8,12.4,0,0,"Sweets"
"Syrup apple-pear",253,33.1,1.1,0,52.5,7.8,0,3.8,"Sweets"
"Sorbet",126,68.1,0.2,0.1,28.7,2.1,0,0.9,"Sweets"
"Liquorice Dutch type sweet w foam",334,15.8,6.1,0.3,50.4,26.2,0,0.6,"Sweets"
"Frogs/mice fondant w chocolate",393,7.8,1,5.3,77.5,7.2,0,0.9,"Sweets"
"Sugar powdered",396,0,0,0,99,0,0,0,"Sweets"
"Chocolate filled w caramel Rolo",477,4.7,4.4,20.4,58.7,9.7,0,1.2,"Sweets"
"Icing (sugar)",354,10.7,0,0,88.4,0,0,0,"Sweets"
"Chocolate extra dark",578,4.8,9.2,45.4,22.4,4.8,0,11.8,"Sweets"
"Chocolate sprinkles mix white and milk",452,2.3,5.8,14.1,70.6,3.7,0,2.4,"Sweets"
"Chocolate flakes mix white and milk",456,2.1,5.9,14.5,73.5,1,0,1.8,"Sweets"
"Candybar av",484,6.2,5.3,22.6,54,10,0,1.7,"Sweets"
"Chocolate filled w peanuts",582,1.8,15.8,42.6,25.5,5.4,0,5.9,"Sweets"
"Candy mix",328,14.5,5.8,0.3,52.2,23.1,0,0.5,"Sweets"
"Fruit spread",162,58.4,0.5,0.1,38,0,0,1.8,"Sweets"
"Endive raw",16,95.1,1.5,0.3,1,0,0,1.7,"Vegetables"
"Endive boiled",22,93.5,1.4,0.5,1.6,0.7,0,1.7,"Vegetables"
"Asparagus white raw",19,94,1,0,1,2,0,1.7,"Vegetables"
"Aubergine/eggplant raw",20,93,1,0,3,0,0,2,"Vegetables"
"Aubergine/eggplant boiled",21,93,1,0,3,0,0,2.5,"Vegetables"
"Beetroot raw",38,89,1.7,0.1,6,0,0,2.9,"Vegetables"
"Celery boiled",14,92,1,0,1,1,0,1.1,"Vegetables"
"Cauliflower raw",25,91.8,1.9,0.2,2.4,0.6,0,2.2,"Vegetables"
"Cauliflower boiled",22,93.4,1.8,0.4,1.2,0.6,0,2.3,"Vegetables"
"Kale curly boiled",33,88.4,2.7,1.3,0.9,0.1,0,3.5,"Vegetables"
"Mushrooms chanterelle raw",16,90,1.8,0,0,1,0,2.5,"Vegetables"
"Mushrooms chanterelle boiled",20,90,1.8,0,0,2,0,2.5,"Vegetables"
"Mushroom raw",18,94.4,2.3,0.5,0.2,0.2,0,1.5,"Vegetables"
"Mushroom boiled",21,90,3.8,0.3,0.2,0.2,0,1.1,"Vegetables"
"Cabbage Chinese raw",17,94.5,1,0,0,2,0,2.5,"Vegetables"
"Cabbage Chinese boiled",17,94.5,1,0,0,2,0,2.5,"Vegetables"
"Peas raw",65,82,4,0,1,9,0,4.7,"Vegetables"
"Cabbage green raw",36,89.2,2.4,0.2,4.1,0,0,4.1,"Vegetables"
"Cabbage green boiled",21,93.8,1.5,0.2,2.3,0,0,2.2,"Vegetables"
"Celeriac boiled",38,88,2,0,0,5,0,4.9,"Vegetables"
"Cucumber wo skin raw",15,96.1,0.6,0.2,1.7,0.8,0,0.3,"Vegetables"
"Cucumber boiled",17,97,1,0,3,0,0,0.3,"Vegetables"
"Swede boiled",33,90.4,0.7,0.1,5.7,0.1,0,3,"Vegetables"
"Kohlrabi boiled",31,90,2,0.3,0,4,0,2,"Vegetables"
"Sweet pepper green raw",19,94.6,0.8,0.1,2.5,0,0,2.5,"Vegetables"
"Sweet pepper green boiled",17,94.5,0.6,0.2,2,0.3,0,2.2,"Vegetables"
"Mange-tout raw",33,89,2,0,0,5,0,2.5,"Vegetables"
"Purslane boiled",13,95,1,0,1,0,0,2.5,"Vegetables"
"Leek boiled",22,93.8,1.1,0.5,1.5,0.6,0,2.3,"Vegetables"
"Turnip tops raw",17,94,2,0,0,1,0,2.3,"Vegetables"
"Turnip tops boiled",17,94,2,0,0,1,0,2.3,"Vegetables"
"Rhubarb raw",23,93,1,0,2,0,0,1.8,"Vegetables"
"Cabbage red raw",27,91,2,0,3,0,0,3.6,"Vegetables"
"Cabbage red boiled",23,89.8,1.3,0,3,0,0,2.9,"Vegetables"
"Salsify raw",76,78,1,1,15,0,0,1.7,"Vegetables"
"Lettuce butterhead raw",13,96.1,1.4,0.4,0.3,0,0,1.2,"Vegetables"
"Lettuce butterhead boiled",22,94,2,0.4,2,0,0,1.2,"Vegetables"
"Swiss chard leaf boiled",29,93,3,0,3,0,0,2.5,"Vegetables"
"Beans runner raw",22,92.7,1.9,0.1,0.7,1.3,0,2.7,"Vegetables"
"Beans French raw",25,91.4,2.3,0.2,1.2,0.6,0,3.6,"Vegetables"
"Spinach raw",26,91.9,3.2,0.6,0,0.9,0,2,"Vegetables"
"Spinach boiled",25,92.2,2.9,0.9,0,0.7,0,1.4,"Vegetables"
"Cabbage oxheart raw",42,90,3,1,4,0,0,2.5,"Vegetables"
"Cabbage oxheart boiled",21,93.8,1.1,0.6,1.6,0,0,2.5,"Vegetables"
"Brussel sprouts boiled",47,86,2.3,0.7,1.4,4.2,0,4.5,"Vegetables"
"Sweetcorn boiled",74,82,2.5,1.4,8.1,3.5,0,2.5,"Vegetables"
"Bean sprouts raw",25,93,2.2,0.1,1.8,1.4,0,1.2,"Vegetables"
"Bean sprouts boiled",17,95,1.8,0.1,1.1,0.6,0,1.2,"Vegetables"
"Tomatoes classic round raw",20,95.4,0.7,0.4,2.9,0,0,1.3,"Vegetables"
"Tomatoes classic round boiled",23,94.1,0.7,0.7,2.8,0.1,0,1.3,"Vegetables"
"Beans broad raw",51,85,5,0,0,4,0,7.3,"Vegetables"
"Onions raw",37,89.1,1.3,0.2,4.5,1.8,0,2.7,"Vegetables"
"Onions boiled",35,90,1,0.2,3,3.3,0,2.2,"Vegetables"
"Lettuce lambs raw",18,93.8,2.6,0.2,0,0.4,0,1.7,"Vegetables"
"Chicory raw",19,95.2,1.3,0.2,2.4,0,0,1.2,"Vegetables"
"Chicory boiled",16,95.3,1.2,0.2,2.1,0,0,1.1,"Vegetables"
"Cabbage white raw",30,91,2,0,4,0,0,2.8,"Vegetables"
"Cabbage white cooked",16,94.1,0.9,0,1.8,0,0,2.8,"Vegetables"
"Carrot raw av",33,90,0.7,0.3,3.9,1.4,0,2.9,"Vegetables"
"Carrot boiled av",32,90.4,0.7,0.3,4.9,0.4,0,2.9,"Vegetables"
"Cabbage sauerkraut raw",13,91.5,1.1,0,0,0.6,0,3.2,"Vegetables"
"Cabbage sauerkraut cooked",14,92.7,0.9,0,0,1,0,3.2,"Vegetables"
"Vegetable mix for soup raw",33,89.7,1.4,0.2,3,1.6,0,3.2,"Vegetables"
"Radish raw",22,95,1,0,3,1,0,0.9,"Vegetables"
"Radish black raw",30,91,2,0,1,4,0,1,"Vegetables"
"Cress garden raw",15,93,2,0,0,0,0,3.3,"Vegetables"
"Vegetables mixture raw av",18,95,0.9,0.4,2,0.2,0,1.2,"Vegetables"
"Asparagus white tinned",17,95.7,1.4,0.3,1.8,0.1,0,1.2,"Vegetables"
"Gherkins sour pickled",10,92.7,1,0,1,0,0,0.9,"Vegetables"
"Gherkins sweet pickled",27,92.7,0.8,0,5.2,0.1,0,0.9,"Vegetables"
"Mushroom tinned",19,95,2.2,0.4,0,0.5,0,2.3,"Vegetables"
"Peas medium fine tinned",94,76,5,1,1,13,0,4.5,"Vegetables"
"Peas super fine tinned",78,76.9,5.6,0.8,3.2,6.7,0,4.5,"Vegetables"
"Peas and carrots tinned",56,85.8,3.4,0.5,3.2,3.7,0,4.8,"Vegetables"
"Beans runner tinned",20,93,1.1,0.3,0.4,1.9,0,2.1,"Vegetables"
"Beans French tinned",26,91.4,1.6,0.3,0.8,2.2,0,2.6,"Vegetables"
"Spinach tinned",31,91.7,3.2,0.9,0.7,0.6,0,3,"Vegetables"
"Tomato puree concentrated tinned",87,73,4.5,0,12.9,2.6,0,3.7,"Vegetables"
"Beans broad tinned",73,84.1,5.8,0.6,2.2,6.4,0,5.3,"Vegetables"
"Carrot tinned",29,93,0.7,0.2,3.8,1.6,0,1.8,"Vegetables"
"Silver-skin onion sweet pickled glass",34,91,0.6,0.1,4.8,2.1,0,1.4,"Vegetables"
"Cabbage red glass",40,86.1,0.8,0.2,7.5,0.4,0,2,"Vegetables"
"Spinach frozen boiled",24,92,2.3,0.4,0.9,0.8,0,2.4,"Vegetables"
"Rhubarb puree w sugar",82,80,0.5,0,19,0,0,2,"Vegetables"
"Celery raw",14,92,1,0,1,1,0,1.1,"Vegetables"
"Celeriac raw",38,88,2,0,0,5,0,4.9,"Vegetables"
"Swede raw",30,91.2,0.7,0.1,4.9,0.1,0,3,"Vegetables"
"Kohlrabi raw",31,91.3,0.9,0.3,4.5,0.2,0,2.8,"Vegetables"
"Purslane raw",13,95,1,0,1,0,0,2.5,"Vegetables"
"Leek raw",28,91.2,1.5,0.2,3,0.5,0,3,"Vegetables"
"Swiss chard leaf raw",29,93,3,0,3,0,0,2.5,"Vegetables"
"Brussel sprouts raw",46,86,2.3,0.7,1.4,4.2,0,4.1,"Vegetables"
"Cabbage red w apple pieces frozen boiled",57,85.9,1.1,1,8.8,1.1,0,2.2,"Vegetables"
"Spinach creamed frozen boiled",44,89.7,2.9,3,0.2,0.6,0,1.3,"Vegetables"
"Black nightshade raw",60,85,5,1,3,4,0,1.4,"Vegetables"
"Mustard leaves raw",32,90.8,2.5,0.3,0.7,2.5,0,3.2,"Vegetables"
"Antroewa raw",30,92,1,0,2,4,0,1.2,"Vegetables"
"Dagoe leaf raw",34,90,3,0,0,5,0,1.1,"Vegetables"
"Kaisoi raw",32,91,3,0,5,0,0,0.1,"Vegetables"
"Amaranth leaves raw",56,86,4,1,3,4,0,1.5,"Vegetables"
"Beans long yard Kousenband raw",43,89,3,0,0,7,0,1.3,"Vegetables"
"Okra raw",23,89.6,1.9,0.2,1.5,0.3,0,3.2,"Vegetables"
"Bottlegourd poeng",31,92,1,0,2,4,0,1.5,"Vegetables"
"Pumpkin raw",14,95,0.7,0.2,1.7,0.3,0,1,"Vegetables"
"Bitter gourd pods raw",15,94,1,0.2,0.8,0.1,0,2.8,"Vegetables"
"Tannia leaves raw",19,90,2,0,1,1,0,1.4,"Vegetables"
"Garlic raw",158,58.6,6.4,0.5,1,30,0,2.1,"Vegetables"
"Fennel raw",17,94,1,0,2,0,0,2.4,"Vegetables"
"Vegetables mixed pickled Atjar tjampoer glass",42,87.6,1,0.2,7,0.6,0,2.4,"Vegetables"
"Sweet pepper pickled glass",16,95.3,0.9,0.1,2,0,0,1.7,"Vegetables"
"Sweet pepper red raw",25,91.6,0.8,0.1,4.3,0,0,1.8,"Vegetables"
"Sweet pepper red boiled",28,91.9,0.9,0.1,4.2,0.9,0,1.7,"Vegetables"
"Broccoli boiled",27,91.4,3.9,0.3,0,0.8,0,2.7,"Vegetables"
"Broccoli raw",27,92.1,2.9,0.7,0.5,0.2,0,3.1,"Vegetables"
"Courgettes raw",18,95.6,1.3,0.2,2.3,0,0,0.9,"Vegetables"
"Beans French boiled",25,92.1,1.8,0.4,1.2,1,0,2.9,"Vegetables"
"Kale curly frozen boiled",37,87.9,2,1.6,0,2.5,0,2.5,"Vegetables"
"Peas frozen boiled",92,74.3,6,0,1,13.9,0,4.5,"Vegetables"
"Beans French frozen boiled",34,90,1.8,0.1,1.2,4.2,0,2.1,"Vegetables"
"Asparagus white boiled",18,94,1,0,1,2,0,1.2,"Vegetables"
"Beetroot boiled",30,88.5,1.2,0.1,4.6,0,0,2.9,"Vegetables"
"Kale curly raw",33,88.4,3,0.6,0.4,1.2,0,4.7,"Vegetables"
"Salsify boiled",84,75,1,1,17,0,0,1.7,"Vegetables"
"Beans runner boiled",23,92.3,1.8,0,0,1.9,0,4.2,"Vegetables"
"Beans broad boiled",45,85,5,0,0,4,0,4.7,"Vegetables"
"Peas fresh boiled",69,82,4,0,1,10,0,4.5,"Vegetables"
"Mange-tout boiled",33,89,2,0,0,5,0,2.5,"Vegetables"
"Courgettes boiled",19,94.3,1.5,0.1,2.3,0,0,1.1,"Vegetables"
"Fennel boiled",17,94,1,0,2,0,0,2.4,"Vegetables"
"Artichoke raw",49,82,2,0,9.5,0,0,1.5,"Vegetables"
"Dandelion leaves raw",55,85,3,1,8,0,0,1.2,"Vegetables"
"Peas extra fine low sodium tinned",51,80.1,4,0,3,3.5,0,4.7,"Vegetables"
"Mushroom low sodium tinned",18,94.5,2.1,0.4,0.1,0.1,0,2.8,"Vegetables"
"Endive frozen unprepared",9,95.1,1,0,0,0.3,0,1.7,"Vegetables"
"Peas and carrots frozen unprepared",58,86,3.8,0.4,2.2,4.9,0,5.2,"Vegetables"
"Vegetable mix for pea soup frozen unprep",17,95,2,0,1,0,0,2.6,"Vegetables"
"Vegetable mixed Mexico frozen unprepared",85,77,4.5,0.9,2,10,0,5.3,"Vegetables"
"Beans runner frozen unprepared",28,91.8,1.9,0.1,1.3,2.3,0,2.7,"Vegetables"
"Vegetables mixture for soup frozen unprepared",25,93,2,0,2,1,0,2.6,"Vegetables"
"Spinach cut frozen unprepared",20,94,2.3,0.3,0.4,0.8,0,2.1,"Vegetables"
"Brussel sprouts frozen boiled",47,86,2.3,0.7,1.4,4.2,0,4.5,"Vegetables"
"Beans broad frozen unprepared",87,75.3,7.5,0.6,1,8.3,0,7.3,"Vegetables"
"Gherkins sweet pickled low sodium",17,94,1.1,0,2.8,0,0,0.9,"Vegetables"
"Onion silver-skin sweet pickled low sodium glass",21,91,1,0,2,1,0,2.7,"Vegetables"
"Onion silverskin sweet pickled wo sugar glass",21,93.3,1,0,0,3,0,2.7,"Vegetables"
"Gherkins pickled wo sugar",14,96.3,1.2,0.3,0.9,0.2,0,1.2,"Vegetables"
"Cucumber sliced pickled glass",9,96.1,0.7,0,1,0,0,0.9,"Vegetables"
"Bamboo shoots tinned",33,91,2,0,0,6,0,0.5,"Vegetables"
"Infant food vegetables 4 months",50,86.5,1.3,0.2,5.9,3.9,0,2.3,"Vegetables"
"Grape leaves glass",33,88.6,3.3,0,1.8,0,0,6.3,"Vegetables"
"Vegetables pickled Turkish Tursu",24,92.6,0.6,0,3.9,0,0,2.9,"Vegetables"
"Onions fried in vegetable oil",58,85.4,1.3,3,5.4,0,0,2.2,"Vegetables"
"Mushroom fried in vegetable oil w salt",54,87.9,2.6,4.1,0,0.5,0,2.3,"Vegetables"
"Tomatoes stewed w vegetable oil",59,91.7,0.9,5.1,1.9,0,0,1.3,"Vegetables"
"Kale curly glass",25,90.1,2.4,0.6,0.2,0.7,0,3,"Vegetables"
"Lettuce iceberg raw",14,96.1,1,0.2,1.4,0,0,1.2,"Vegetables"
"Beetroot pickled glass",37,88.5,0.5,0.1,6.6,1.1,0,1.8,"Vegetables"
"Beans long yard Kousenband boiled",29,90.7,2.7,0.2,2.4,0.1,0,3.5,"Vegetables"
"Cabbage pak-choi raw",14,95.4,1,0.2,1.4,0,0,1.2,"Vegetables"
"Seaweed kelp raw",47,81.6,1.7,0.6,0.6,7.7,0,1.3,"Vegetables"
"Seaweed agar agar dried",336,8.7,6.2,0.3,3,70.2,0,7.7,"Vegetables"
"Vegetables av boiled",30,91,1.8,0.4,2,1.4,0,2.4,"Vegetables"
"Vegetables av raw",20,94.5,1,0.4,2.2,0.3,0,1.3,"Vegetables"
"Pumpkin boiled",14,94.9,0.6,0.3,1.7,0.1,0,1.1,"Vegetables"
"Tomatoes tinned",24,94.1,1.1,0.4,3.6,0.1,0,0.7,"Vegetables"
"Tannia leaves prepared wo fat",38,88,4.6,1.1,0,0.9,0,3.4,"Vegetables"
"Bami vegetables boiled",19,94.3,1.2,0.2,1.6,0.4,0,2.1,"Vegetables"
"Lettuce av raw",15,95.6,1.4,0.3,0.9,0.1,0,1.3,"Vegetables"
"Tomatoes dried in oil tin/glass, drained",197,64.2,4.4,14,6.3,3.1,0,8,"Vegetables"
"Tomato sun-dried",331,14.6,14.1,3,37.6,18.2,0,12.3,"Vegetables"
"Capers",43,83.9,2.4,0.9,0.4,4.5,0,3.2,"Vegetables"
"Tomato sieved pack",39,89.4,1.8,0.3,6,0.3,0,2,"Vegetables"
"Chili pepper raw",30,91.9,1.8,0.3,4.2,0,0,1.8,"Vegetables"
"Lettuce red raw",18,95.6,1.3,0.2,0.5,1.8,0,0.9,"Vegetables"
"Cabbage red w apple pieces glass",58,84.8,0.8,0.3,10.2,1.7,0,2.2,"Vegetables"
"Carrot bunched raw",31,90.6,0.9,0.3,4.8,0.3,0,2.5,"Vegetables"
"Carrot bunched boiled",30,91,0.8,0.2,4.7,0.1,0,2.7,"Vegetables"
"Carrot winter raw",34,89.5,0.6,0.3,3.1,2.6,0,3.3,"Vegetables"
"Carrot winter boiled",34,89.8,0.6,0.3,5,0.6,0,3.1,"Vegetables"
"Tomato vine raw",22,94.2,0.7,0.5,2.8,0.2,0,1.2,"Vegetables"
"Tomato cherry raw",30,92,0.9,0.8,4,0,0,1.9,"Vegetables"
"Tomato beef raw",19,95,0.6,0.5,2.4,0,0,1.3,"Vegetables"
"Tomato beef boiled",22,94.2,0.7,0.5,3,0,0,1.3,"Vegetables"
"Tomato av raw",23,94.2,0.7,0.5,3,0.1,0,1.4,"Vegetables"
"Tomato av boiled",22,94.2,0.7,0.6,2.9,0,0,1.3,"Vegetables"
"Rocket raw",22,92.3,3.6,0.4,0,0,0,1.9,"Vegetables"
"Onion Welsh raw",31,91,1.5,0.4,4.1,0.1,0,2.4,"Vegetables"
"Onion Welsh boiled",26,92.2,1.2,0.3,2.1,1.4,0,2.3,"Vegetables"
"Cucumber w skin raw",13,96.7,0.7,0.4,1.3,0,0,0.6,"Vegetables"
"Sweet pepper yellow raw",25,92.7,0.7,0.2,3.9,0,0,2.5,"Vegetables"
"Sweet pepper yellow boiled",27,92.2,0.8,0.1,4.6,0,0,2.2,"Vegetables"
"Sweet pepper av raw",24,92.5,0.8,0.1,3.8,0,0,2.1,"Vegetables"
"Sweet pepper av boiled",26,92.5,0.8,0.1,3.8,0.6,0,1.9,"Vegetables"
"Cabbage red w apple pieces home-made",52,85.2,0.9,1.1,8,0.3,0,2.4,"Vegetables"
"Sweetcorn tinned",91,77.6,2.9,1.5,5.2,9.5,0,3.2,"Vegetables"
"Sweet pepper orange raw",28,92.2,0.8,0.3,4.7,0,0,1.7,"Vegetables"
"Vegetables for soup cooked",31,90.9,1.1,0.3,2.7,1.9,0,2.8,"Vegetables"
"Mustard leaves boiled",21,94,2,0.2,0.5,1.3,0,2,"Vegetables"
"Cabbage pak-choi cooked",17,95.6,1.6,0.2,0.8,0.9,0,1,"Vegetables"
"Parsnip raw",71,79.3,1.8,1.1,5.4,5.6,0,4.7,"Vegetables"
"Parsnip boiled",68,78.7,1.6,1.2,5.6,5.8,0,2.6,"Vegetables"
"Bitter gourd pods boiled",18,94,0.8,0.2,2,0.4,0,2,"Vegetables"
"Okra boiled",22,92.6,1.9,0.2,2,0,0,2.5,"Vegetables"
"Glasswort raw",14,92.2,0.7,0.2,1.1,0,0,2.5,"Vegetables"
"Asparagus green raw",28,92,3,0.1,2.8,0,0,2.1,"Vegetables"
"Vegetables for stir-frying Dutch cooked",26,92,1.6,0.3,2.4,0.8,0,2.3,"Vegetables"
"Vegetables for stir-frying Italian cooked",27,92.2,1.1,0.3,2.9,1,0,2.1,"Vegetables"
"Vegetables for stir-frying oriental cooked",22,93.3,1,0.2,2.1,0.7,0,2.3,"Vegetables"
"Seaweed nori dried",254,6.5,31.5,1.5,0.6,9.9,0,36.3,"Vegetables"
"Vegetables for stir-frying mushroom cooked",25,91.6,1.9,0.3,1.6,1,0,1.9,"Vegetables"
"Artichoke hearts canned",27,90,2.1,0.4,0.7,0.8,0,4.8,"Vegetables"
"Lettuce romaine raw",17,94.6,1.2,0.3,1.2,0,0,2.1,"Vegetables"
"Bami vegetables raw",27,92.1,1.8,0.1,2.9,0.6,0,2.2,"Vegetables"
"Vegetables for stir-frying mushroom raw",26,92.3,1.7,0.3,2.2,0.6,0,2.3,"Vegetables"
"Vegetables for stir-frying Dutch raw",27,91.7,1.5,0.3,2.8,0.7,0,2.6,"Vegetables"
"Vegetables for stir-frying Italian raw",28,91.5,1.2,0.2,3.5,0.7,0,2.4,"Vegetables"
"Vegetables for stir-frying Oriental raw",29,91.3,1.7,0.2,3.4,0.5,0,2.6,"Vegetables"
"Chips vegetable pre-fried frozen unprepared",142,70.2,2.2,7,5.9,9.1,0,5.2,"Vegetables"
"Garlic cooked wo fat",127,65.4,5.6,0.3,1.4,22.4,0,2.7,"Vegetables"
"Jerusalem artichoke raw",75,78,2,0.5,1.5,11.9,0,4.3,"Vegetables"
